label,message
ham,depends would like treated
ham,right brah see later
ham,waiting e car mum lor u leh reach home already
spam,account shows unredeemed points claim call identifier code xxxxx expires
spam,want new video handset anytime network mins half price line rental camcorder reply call delivery tomorrow
ham,went fast asleep deartake care
ham,means fat head
ham,sounds like plan cardiff still still cold im sitting radiator
ham,serious like proper tongued
ham,shes good wondering wont say hi shes smiling coping long distance
ham,noe shes da car later c lar im wearing shorts
spam,important customer service announcement call freephone
ham,yeah whatever lol
ham,today accept dayu accept brother sister lover lvblefrnd jstfrnd cutefrnd lifpartnr belovd swtheart bstfrnd rply means enemy
ham,ard lor ok message lor
ham,ok c u
ham,eh ur laptop got stock lei say mon muz come take look c got
ham,need ke qi ìï bored izzit suddenly thk
ham,wish dont think gon na snow much flurries usually get melt hit ground eek havent snow since ltgt even born
spam,freeringtone reply real poly eg pushbutton dontcha babygoodbye golddigger webeburnin tone free u join
ham,thing change sentence want concentrate educational career im leaving
ham,oh really perform write paper go movie home midnight huh
ham,okay lor still let us go ah coz know later drop cards box right
ham,izzit still raining
ham,wasnt enough trouble sleeping
ham,havent add yet right
ham,lol really need remember eat im drinking appreciate keeping company night babe smiles
ham,babe lost try rebooting
ham,yes nigh cant aha
ham,thk got ta go home urself cos ill b going shopping frens present
ham,nooooooo im gon na bored death day cable internet outage
ham,sos amount get pls
ham,playin space poker u
ham,come guoyang go n tell u told
ham,need get
ham,r giving second chance rahul dengra
ham,yeah fact asked needed anything like hour ago much
ham,first strike red one bird antelope begin toplay fieldof selfindependence believe flower contention growrandom
ham,wan go c doctor
ham,daddy bb
spam,free msg get gnarls barkleys crazy ringtone totally free reply go message right
ham,shes borderline yeah whatever
ham,got call landline number asked come anna nagar go afternoon
ham,lor ya go dinner together
ham,gentle princess make sweet gentle love
ham,u doin baby girl hope u okay every time call ure phone miss u get touch
ham,sorry went bed early nightnight
ham,like think theres always possibility pub later
ham,hmm yeah grooved im looking forward pound special
ham,got video tape pple type message lor u free wan help hee cos noe u wan watch infernal affairs ask u along asking shuhui oso
ham,hi dude hw r u da realy mising u today
ham,hungry buy food good lei mum n yun dun wan juz buy little bit
spam,refused loan secured unsecured cant get credit call free text back help
ham,probably wont eat today think im gon na pop weekend u miss
ham,knew u slept v late yest wake late
ham,haha dont angry take practice real thing
ham,one day training
ham,could kiss feel next
ham,nice day dear
ham,sent lanre fakeyes eckankar details mail box
ham,dad back ph
spam,specially selected receive award call lines close cost tcs apply ag promo
ham,ask say please message
ham,e timing go w u lor
ham,love aathilove u lot
ham,callin say hi take care bruv
spam,valued vodafone customer computer picked win prize collect easy call
ham,u turn heater heater set ltgt degrees
ham,thanks message really appreciate sacrifice im sure process direct pay find way back test tomorrow im class wonderful day
ham,thats trouble classes go well youre due dodgey one expecting mine tomo see recovery time place
spam,free video camera phones half price line rental mths cross ntwk mins txts call
ham,wot u j
ham,night night see tomorrow
ham,roger weûre probably going rem
ham,u think girl propose u today seing ur bloody funky shit fucking faceasssssholeeee
ham,wish u feel alone
spam,great new offer double mins double txt best orange tariffs get latest camera phones free call free tcs
ham,reason team budget available last buy unsold players base rate
ham,ceri u rebel sweet dreamz little buddy c ya needs blokes
ham,ringtoneking
ham,huh cant thk oredi many pages
ham,frens go lor alone wif mum n sis lor
ham,nationwide auto centre something like newport road liked
ham,hey missed tm last night phone charge smiles meeting friend shortly
ham,whatever juliana whatever want
ham,friendship game play word say doesnt start march ends may tomorrow yesterday today e
spam,ringtone club new polys direct mobile every week
ham,hello sort town already dont rush home eating nachos let know eta
ham,ok lor anyway thk cant get tickets cos like quite late already u wan go look ur frens darren wif
spam,bank granite issues strongbuy explosive pick members nasdaq symbol cdgt per
ham,way ur home
ham,dizzamn aight ill ask suitemates get back
ham,nimbomsons yep phone knows one obviously cos thats real word
ham,love cuddle want hold strong arms right
ham,r u continent
ham,well pay like ltgt yrs difficult
spam,bored housewives chat n date btnational rate landlines
spam,tried call reply sms video mobile mins unlimited text free camcorder reply call del thurs
ham,kkwhen give treat
spam,time tried contact u u prize claim easy call per minute btnationalrate
ham,hes gon na worry nothing wont give money use
ham,get gift year didnt get anything bad
ham,somewhere beneath pale moon light someone think u dreams come true goodnite amp sweet dreams
ham,well theres pattern emerging friends telling drive come smoke telling im weed fiendmake smoke muchimpede things see im hesitant
ham,ow u deyi paid told u would call
ham,im fine babes aint much tho saw scary movie yest quite funny want afternoon town mall sumthinxx
ham,im reaching home min
ham,forgot working today wan na chat things ok drop text youre free bored etc ill ring hope well nose essay xx
ham,ha must walk everywhere take tram cousin said walk vic market hotel
spam,win meetgreet westlife u currently tour text cost std text
spam,please call customer service representative freephone guaranteed cash prize
ham,discussed mother ah
ham,ok
ham,sorry cant text amp drive coherently see twenty
spam,receiving weeks triple echo ringtone shortly enjoy
ham,place get rooms cheap
ham,eek thats lot time especially since american pie like minutes long cant stop singing
ham,gran onlyfound afew days agocusoon honi
spam,uve selected stay top british hotels nothing holiday valued dial claim national rate call
ham,university southern california
ham,pick rayan macleran
ham,u gd lor go shopping got stuff u wan watch infernal affairs come lar
ham,well balls time make calls
ham,wat time wan today
ham,ltgt mca conform
ham,oh ok wats ur email
ham,yes princess going make moan
ham,lol ok didnt remember til last nite
ham,anyway many good evenings u
ham,cool ill text
ham,sorry vikky im watching olave mandara movie kano trishul theatre wit frnds
ham,im happy babe woo hoo party dude
ham,taking italian food pretty dress panties
ham,wot u thout u gon na call txt bak luv k
spam,chosen receive award pls call claim number collect award selected receive valued mobile customer
ham,holding
ham,dont flatter tell man mine two pints carlin ten minutes please
ham,hope scared
ham,cant pick phone right pls send message
ham,im home n ready
spam,please call customer service representative freephone guaranteed cash prize
ham,time u get
ham,literally bed like ltgt hours
ham,yes reg ciao
ham,mean website yes
spam,win cash prize prize worth
spam,thanks ringtone order reference number mobile charged tone arrive please call customer services
ham,lol could starve lose pound end day
ham,yeah thats impression got
ham,ok ok take care understand
ham,motivate behind every darkness shining light waiting find behind every best friend always trust love bslvyl
ham,ya ok dinner
ham,slept timeyou
ham,dont make ne plans nxt wknd coz wants us come ok
ham,school starting stay whats weather like food social support system like friends school things important
ham,ha ha nan yalrigu heltiniiyo kothi chikku u shared many things wit meso far didnt told body even uttered word abt u ur trusting much tell others plz nxt time dont use words meok chikkub
ham,noice text youre
ham,hi di yijue meeting pm esaplanade tonight
spam,moby pub quizwin high street prize u know new duchess cornwall txt first name stop sp
spam,weeks savamob member offers accessible call details savamob pobox savamob offers mobile
ham,aight ive set free think could text blakes address occurs im quite sure im thought
ham,hi dear saw dear happy battery low
ham,ages hows abj
ham,prof passed papers sem congrats student enna kalaachutaarama prof gud mrng
ham,dont kick coco hes
ham,fyi im gon na call sporadically starting like ltgt bc doin shit
spam,contacted dating service someone know find call mobile landline
ham,tbspersolvo chasing us since sept definitely paying thanks information ignore kath manchester
ham,hope youåõre much fun without see u tomorrow love jess x
ham,ok wont call disturb one know avoiding burden
ham,ive reached home n bathe liao u call
spam,loans purpose even bad credit tenants welcome call noworriesloanscom
ham,actual exam harder nbme
ham,lot sickness thing going round take easy hope u feel better soon lol
ham,god picked flower dippeditinadew lovingly touched itwhichturnedinto u gifted tomeandsaidthis friend
spam,kick new season free goals news ur mobile txt ur club name eg villa
ham,hey sathya till dint meet even single time saw situation sathya
ham,gam gone outstanding innings
ham,played smash bros ltgt religiously
ham,sir good morning hope good weekend called let know able raise ltgt dad however said would make rest available mid feb amount still quite short hoping would help good day abiola
ham,hurry home soup done
ham,check rooms befor activities
ham,good afternoon love good see words ym get tm smart move slave smiles drink coffee await
ham,quite ok bit ex u better go eat smth else ill feel guilty
spam,orange brings ringtones time chart heroes free hit week go ringtones pics wap stop receiving tips reply stop
ham,lem know youre
spam,private account statement shows unredeemed points call identifier code expires
ham,needs stop going bed make fucking dealing
ham,love brother time talk english grins say hey muhommad penny says hello across sea
spam,tried call reply sms video mobile mins unlimited text free camcorder reply call
ham,hey doc pls want get nice shirt hubby nice fiting ones budget ltgt k help pls load card abi hwkeep posted luv mj
ham,remain unconvinced isnt elaborate test willpower
ham,life nothing wen v get everything life everything wen v miss something real value people wil realized absence gud mrng
ham,miss
ham,aint answerin phone actually pretty reasonable hour im sleepy
ham,hey rite u put evey mnth
ham,going bed prin
ham,think see tomo
ham,u dun drive go sch
ham,home lei
spam,gsoh good spam ladiesu could b male gigolo join uks fastest growing mens club reply oncall mjzgroup reply stop
ham,ok come ur home half hour
spam,u secret admirer looking make contact ufind rreveal thinks ur specialcall
ham,u hav frnd name ashwini ur college
ham,jus finish lunch way home lor tot u dun wan stay sch today
ham,k coming class
spam,hot live fantasies call per min ntt ltd po box croydon national rate call
ham,pls send address sir
ham,want lick pussy
ham,yo gon na still stock tomorrowtoday im trying get dubsack
spam,urgent mobile number awarded prize guaranteed call landline claim valid
ham,ill see prolly yeah
ham,thought could go dinner ill treat seem ok
ham,stand away doesnt heart ache without dont wonder dont crave
ham,sorry never hear unless book one kinda jokethet really looking skinny white girls one lineyou much camera something like theyre casting look
ham,doinghow
ham,sure thing big man hockey elections shouldnût go longer hour though
ham,watch lor saw swatch one thk quite ok ard need opinion leh
ham,hiya u like hlday pics looked horrible took mo hows camp amrca thing speak soon serena
ham,babe goes day miss already love loving kiss hope everything goes well
ham,yunny im goin late
ham,doc prescribed morphine cause pain meds arent enough waiting mom bring med kick fast im gon na try later
ham,cool want go kappa meet outside mu
ham,hey sexy buns told adore loverboy hope remember thank sister law meatballs grins love babe
ham,may b approve panalambut posts
spam,spjanuary male sale hot gay chat cheaper call national rate cheap peak stop texts call
ham,sorry ill call later
ham,dont thnk wrong calling us
ham,im workin get job
ham,youre done mean
ham,ur luck love someone ur fortune love one loves u
ham,hi baby ive got back work wanting see u allday hope didnt piss u phone today u give call xxx
spam,freemsg todays day ready im horny live town love sex fun games netcollex ltd per msg reply stop end
ham,yahoo boys bring perf legal
ham,need say anything know outsider
ham,ever one foot
ham,got ltgt
ham,good donût need receiptsûówell done yes please tell whatûs number could ring
ham,ever green quote ever told jerry cartoon person irritates u always one loves u vry much fails express gud nyt
ham,leave wif lar ìï wan carry meh heavy da num familiar
ham,beautiful truth expression face could seen everyone depression heart could understood loved ones gud
ham,infact happy new year seeing
ham,simpsons movie released july name band died start film agreen day bblue day cred day send b c
ham,thats shame maybe cld meet hrs tomo
ham,lol would despite cramps like girl
ham,canåõt wait cornwall hope tonight isnåõt bad well itåõs rock night shite anyway iåõm going kip good night speak soon
ham,pls help tell sura im expecting battery hont pls send message download movies thanks
spam,please call amanda regard renewing upgrading current tmobile handset free charge offer ends today tel subject ts cs
ham,havent found way get another app phone eh go net cafe take job geeee need babe crave see
ham,work mon thurs sat cant leh booked liao day u free
ham,ìï comin fetch us oredi
ham,whats nannys address
spam,urgent costa del sol holiday await collection call toclaim sae tc stockport
ham,haf u eaten wat time u wan come
spam,want new video phone anytime network mins half price line rental free text months reply call free delivery
ham,yo call get chance friend mine wanted ask big order
ham,single single answers fighting plus said broke didnt reply
ham,certainly puts things perspective something like happens
ham,got tv watch meh u work today
ham,felt sonot conveying reason ese
spam,mobile months u r entitled update latest colour mobiles camera free call mobile update co free
ham,hows going got exciting karaoke type activities planned im debating whether play football eve feeling lazy though
ham,told coming wednesday
ham,ok called mom instead fun
spam,dear voucher holder claim weeks offer pc please go httpwwwwtlpcouktext tscs apply
ham,well im desperate ill call armand
ham,work right
spam,congrats nokia video camera phone call calls cost ave call vary mobiles close post ldn
ham,havent heard anything hes answering texts im guessing flaked said jb fantastic
ham,mmmmmm love youso much ahmad cant wait year begin every second takes closer side happy new year love
ham,pls whats full name jokes school cos fees university florida seem actually ltgt k pls holla back
ham,sorry ill call later
ham,ok said ive got wisdom teeth hidden inside n mayb need remove
ham,pls pls drink plenty plenty water
ham,hows queen going royal wedding
ham,hes lag thats sad part keep touch thanks skype
ham,ok lor go tog lor
ham,two teams waiting players
ham,send copy da report
ham,swhrt u deyhope ur ok tot u n misstake care
ham,ok da already planned wil pick
spam,urgent please call abta complimentary spanish holiday cash await collection sae tcs box
ham,sorry ill call later meeting
ham,really need shit tomorrow know wont awake like
ham,im good registered vote
ham,hmm ok ill stay like hour cos eye really sore
ham,dear got bus directly calicut
ham,mm umma ask vava also come tell play later together
ham,well general price ltgt oz let know ifwhenhow much want
ham,sorry ill call later
ham,moment dayhas valuemorning brings hopeafternoon brings faithevening brings luvnight brings restwish u find todaygood morning
ham,ltgt w jetton ave forgot
ham,ok im coming home
ham,use foreign stamps country
spam,double mins txts free bluetooth orange available sony nokia motorola phones call
ham,sorry lot friendofafriend stuff im talk actual guy wants buy
spam,free week nokia tone ur mob every week txt nokia get txting tell ur mates wwwgetzedcouk pobox
spam,want funk ur fone weekly new tone reply text wwwringtonescouk original n best tones network operator rates apply
spam,cmon babe make horny turn txt fantasy babe im hot sticky need replies cost cancel send stop
ham,come tomorrow di
ham,wylie update weed dealer carlos went freedom class lunsford
ham,happy baby alright take job hope fine send kiss make smile across sea kiss kiss
ham,c movie juz last minute decision mah juz watch lar tot interested
ham,enjoying semester take care brother
spam,important information orange user today ur lucky find log onto httpwwwurawinnercom theres fantastic prizeawaiting
ham,get door im
ham,lets use next week princess
ham,go home first lar wait lor put stuff first
ham,want kfc tuesday buy meals gravy mark
ham,dahe stupid daalways sending like thisdon believe messagepandy mental
ham,oi gon na ring
ham,missed call alert numbers called left message
ham,attended nothing
ham,ard like dat lor juz meet mrt station dun haf come
ham,dear sleeping p
ham,er mw im filled tuth aight
ham,office around pm going hospital
ham,actually im waiting weeks start putting ad
ham,anything lor go go lor
ham,u free sat rite u wan watch infernal affairs wif n darren n mayb xy
ham,plz note anyone calling mobile co amp asks u type ltgt ltgt disconnect callcoz iz attempt terrorist make use sim card itz confirmd nokia n motorola n verified cnn ibn
ham,yo around friend mines lookin pick later tonight
ham,stupid auto correct phone
ham,double eviction week spiral michael good riddance
ham,world suffers lot violence bad people silence good people
ham,ok thats cool either raglan rd edward rd behind cricket ground gim ring ur closeby see tuesday
ham,buy one egg daplease
ham,started skye
ham,bookedthe hut also time way
ham,several sir
ham,u really pig leh sleep much dad wake smth eat lunch today
ham,im home please call
ham,love hope anything drastic dont dare sell pc phone
ham,reached home tired come tomorro
spam,freemsg records indicate may entitled pounds accident claim free reply yes msg opt text stop
spam,u win music gift vouchers every week starting txt word draw tscs wwwidewcom skillgame
ham,life style garments account please
ham,lol wtf random btw lunch break
ham,sez hows u de arab boy hope u r good give love love ya eshxxxxxxxxxxx
ham,lay man let know missed thought great day send bimbo ugos numbers ill appreciate safe
ham,detroit home snow enjoy
spam,show ur colours euro offer get england flag tone ur phone click following service message info
ham,okie
ham,aight im chillin friends room text youre way
ham,toshiba portege gd
ham,well welp sort semiobscure internet thing
spam,text pass collect polyphonic ringtones normal gprs charges apply enjoy tones
spam,accordingly repeat text word ok mobile phone send
ham,loosu go hospital de dont let careless
ham,much eighth
ham,omg joanna freaking shes looked thru friends find photos shes asking stuff myspace havent even logged like year
ham,send ur birthdate month year tel u ur life partners name method calculation reply must
ham,juz havent woke bit blur blur dad went liao cant cum oso
ham,clothes jewelry trips
ham,block breaker comes deluxe format new features great graphics tmobile buy replying get bbdeluxe take challenge
ham,aah cuddle would lush id need lots tea soup kind fumbling
spam,important information orange user today lucky log onto httpwwwurawinnercom theres fantastic surprise awaiting
ham,late
ham,sad story man last week bday wife didnt wish parents forgot n kids went work even colleagues wish
ham,plans family set stone
ham,pls dont forget study
ham,youll never believe actually got taunton wow
ham,den weekdays got special price haiz cant eat liao cut nails oso muz wait finish drivin wat lunch still muz eat wat
ham,broke list reasons nobodys town cant tell shes sarcastic faggy
ham,ltdecimalgt common car better buy china asia find less expensive ill holla
ham,greatest test courage earth bear defeat without losing heartgn tc
ham,sorry im stil fucked last nite went tobed got work
ham,hey whats plan sat
ham,beauty sleep help ur pimples
ham,great hope using connections mode men also cos never know old friends lead today
spam,natalja inviting friend reply see stop send stop frnd
ham,get
ham,kind missed train cos asthma attack nxt one half hr driving sure park
ham,ball moving lotwill spin last difficult bat
ham,haiyoh maybe hamster jealous million
ham,please send auntys number
ham,im glad following dreams
ham,ive reached home finally
spam,urgent important information user today lucky day find log onto httpwwwurawinnercom fantastic surprise awaiting
spam,winner valued network customer selected receivea prize reward claim call claim code valid hours
ham,wn u r hurt prsn close u fight wit dem coz somtimes dis fight saves relation bt quiet leaves nothin relation gud eveb
ham,u call
ham,science tells chocolate melt sunlight please dont walk sunlight bcozi dont want loss sweet friend
ham,yes come nyc audiitions trying relocate
ham,pocked
ham,congrats thats great wanted tell tell score cos might make relax motivating thanks sharing
ham,wud never mind u dont miss u dont need u wil really hurt wen u need amp u dont tell take care
ham,hey mr whats name bill brison book one language words
ham,okay good problem thanx
ham,information ikea spelled caps yelling thought left sitting bed among mess came said going got home class please dont try bullshit makes want listen less
ham,call ure done
ham,gwr
ham,best watch say cause get drunk motherfucker
spam,kit strip billed netcollex ltd po box oja
spam,hmv bonus special pounds genuine hmv vouchers answer easy questions play send hmv
spam,please call immediately urgent message waiting
ham,thesmszonecom lets send free anonymous masked messagesim sending message theredo see potential abuse
spam,well done costa del sol holiday await collection call toclaim sae tcs stockport
ham,hurt tease make cry end life die plz keep one rose grave say stupid miss u nice day bslvyl
ham,erm woodland avenue somewhere get parish magazine telephone number
ham,ta jobs available let know please cos really need start working
ham,aiyar hard type u later free tell call n scold n tell u
ham,yup im free
ham,good good billy mates gone jogging enjoy concert
ham,yo come carlos soon
ham,awww dat sweet think something nice time tonight ill probably txt u later cos im lonely xxx
ham,guess useless calling u something important
ham,ha ha popped loo helloed hello
ham,dint tell anything angry told abi
spam,someone u know asked dating service contact cant guess call revealed po
ham,happens r wat want come ill get medical insurance shell able deliver basic care im currently shopping right medical insurance give til friday morning thats ill see major person guide right insurance
ham,keep ten rs shelf buy two egg
ham,wasnt well babe swollen glands throat end
ham,ur changes da report big cos ive already made changes da previous report
ham,captain room
ham,cant speak bcaz mobile problem listen cannt listen voice calls later
ham,hiya stu wot u much truble home moment evone hates even u wot hell av done wont u tell text bck please luv dan
ham,si take mokka players
ham,still playing gautham
ham,hey mr going sea view couple gays mean games give bell ya finish
ham,k jason says hes gon na around ill around ltgt
ham,sorry able get see morning
ham,aight well keep informed
ham,number sir
ham,searching good dual sim mobile pa
ham,seems unnecessarily hostile
ham,dude got haircut breezy
spam,congrats mobile videophones r call videochat wid ur mates play java games dload polyh music noline rentl
ham,doctor leafdayno cancer fat milkdayno bone problms litres watrdayno diseases snd ths u care
ham,thought king hill thing
ham,nope ill come online
ham,also tell said happy birthday
ham,bishan lei tot say lavender
ham,boo time u get u supposed take shopping today
ham,u sound like manky scouse boy stevelike travelling da bus homewot u inmind recreation dis eve
ham,fyi im taking quick shower epsilon like ltgt min
ham,tuesday night r u real
ham,yes appt
ham,got outta class gon na go gym
ham,want sent ltgt mesages today thats sorry hurts
ham,ìï write wat
ham,ha wouldnt say didnt read anything way u seemed dont like judgementali save fridays pub
ham,valentine game send dis msg ur friends answers r someone really loves u ques colour suits best
ham,hidid asked waheeda fathima leave
ham,enjoy urself tmr
ham,still around could use
spam,u secret admirer looking make contact ufind rreveal thinks ur specialcall
ham,give us back id proof ltgt rs wont allow work come home within days
ham,ìï bot notes oredi cos juz rem got
ham,yes rent expensive way save
ham,night ended another day morning come special way may smile like sunny rays leaves worries blue blue bay gud mrng
ham,hows pain deary r u smiling
ham,fun fact although would think armand would eventually build tolerance shit considering much smokes gets fucked like hits
spam,important information orange user today lucky log onto httpwwwurawinnercom theres fantastic surprise awaiting
ham,sorry cant help
ham,great send account number
ham,hellogorgeous hows u fone charge lst nitw wen u texd hopeu ad nice wkend im sure u lookin cin u luv jaz
spam,dating service asked contact u someone shy call revealed
ham,ìï send contents page
ham,night sweet sleep well ive see exorcism emily rose may never sleep hugs snogs
ham,dont think u got think use got good
ham,cant right second got ta hit people first
ham,evry emotion dsnt hav wordsevry wish dsnt hav prayrs u smiled world wit uothrwise even drop tear dsnt lik stay wit uso b happy good morning keep smiling
ham,remember
ham,ujhhhhhhh computer shipped address sandiago parantella lane wtf poop
ham,mm yes dear look hugging p
ham,like dis sweater fr mango size already irritating
ham,dont number gon na massive pain ass id rather get involved thats possible
ham,anytime lor
spam,want new video handset time network mins unlimited text camcorder reply call del sat
ham,purity friendship two smiling reading forwarded messageits smiling seeing name gud evng
ham,ur balance next question complete landmark big bob b barry c ben text b c good luck
ham,fineabsolutly fine
ham,k youre sure dont consent forms v
spam,ur tonexs subscription renewed charged choose polys month wwwclubzedcouk billing msg
spam,dont prize go another customer tc wwwtcbiz polo ltd suite london please call back busy
ham,much torch
ham,nothing u dinner w us
ham,checking
ham,done internet connection v slow canût send try later first thing tomo
ham,mathews tait edwards anderson
ham,yeah sure thing mate haunt got stuff sorted im going sound anyway promoting hex way dont know number joke
ham,need lar go engin cos sis arts today
ham,thanks honey still havent heard anything leave bit longer crowd try later great advice thanks hope cardiff still
spam,want new nokia colour phone delivered tomorrow free minutes mobile free text free camcorder reply call
ham,im snowboarding trip wondering planning get everyone together befor goa meet greet kind affair cheers
ham,sim watching live
ham,see christmassy
ham,k im ready ltgt
ham,know god created gap fingers one made comes amp fills gaps holding hand love
ham,greatest test courage earth bear defeat without losing heartgn tc
ham,new years plans
spam,recpt ordered ringtone order processed
ham,baaaaaaaabe wake miss crave need
ham,got message ignoring yes shopping
ham,dear mood cant drive brother drive
ham,dad get back
ham,tell shola please go college medicine visit academic department tell academic secretary current situation ask transfer ask someone check sagamu thing lautech vital completes medical education nigeria less expensive much less expensive unless getting citizen rates new zealand
ham,yes finished watching days lives love
ham,juz go google n search qet
ham,many times lose best ones bcoz
ham,good friends care close friends understand true friends stay forever beyond words beyond time gud
ham,getting back home
ham,sorry ill call later ltgt mins
ham,dun need use dial juz open da browser n surf
spam,one registered subscribers u enter draw gb gift voucher replying enter unsubscribe text stop
ham,awesome plan get time like ltgt ill text details wee bit
ham,take care sleep wellyou need learn change lifeyou need get convinced thati wait conversations usget convinced timeyour family many sensesrespect overemphasiseor u role life
spam,chance win free bluetooth headset simply reply back adp
ham,also didnt get na hi hi hi hi hi
ham,ya cant display internal subs got ta extract
ham,said anything wrong sorry de
ham,sad story man last week bday wife didnt wish parents forgot n kids went work even colleagues wish
ham,stupid say challenge godyou dont think write instead respond immed
ham,yeah able ill text im ready meet
ham,v skint fancied bevieswaz gona go meet othrs spoon jst bin watchng planet earthsofa v comfey dont make hav gd night
ham,says hes quitting day wudnt take much notice nah didnt mind gon na see want come taunton tonight u tell
spam,get free call
ham,little darlings far week need coffee run tomocant believe time week already
ham,ok msg u leave house
ham,still west coast haiz ìïll take forever come back
ham,mmm fuck merry christmas
ham,alright thanks advice enjoy night ima try get sleep
ham,update face book status frequently
ham,saw messageit k da
ham,something u ate
ham,bank say money
ham,aiyar dun disturb u liao thk u lots aft ur cupboard come
ham,hey r watching movie tonight ill prob b home early
ham,yar lor u noe u used dat route
ham,coming gym machan goodnight
ham,dont think need yellow card uk travel ask someone gone ltgt bucks
ham,u look da lib got stuff havent finish yet
ham,sounds great im going sleep good night
spam,dont b floppy b snappy happy gay chat service photo upload call stop texts call
ham,housemaid murderer coz man murdered ltgt th january public holiday govtinstituitions closedincluding post officeunderstand
ham,come u got nothing
ham,nothing ever easy dont looking reason take risk life love
ham,want grasp pretty booty
ham,ive got tea sure flavour
ham,im going orchard laready reaching soon u reaching
ham,dear denying words please
ham,know old dom told yesterday name roger got touch last night wants meet today pm
ham,come back tampa ffffuuuuuuu
ham,celebrate båõday else
ham,merry christmas u annie
ham,please tell special stock talking
ham,sent like
spam,urgent ur awarded complimentary trip eurodisinc trav claim txt dis
ham,awesome minute
ham,problem walk around julianaland oblivious going around say things constantly go one ear go whatever want dont know im upsetits dont listen tell going upset want surprised im mad
ham,ive told everything stop dont let get dehydrated
ham,guess ltgt min
ham,im home ard wat time u reach
ham,storming msg wen u lift phne u say hello u knw wt real meaning hello name girl yes u knw dat girl margaret hello girlfrnd f grahmbell invnted telphone moralone name person
ham,want mapquest something look usf dogwood drive
ham,aight plan come later tonight
ham,die accidentally deleted e msg suppose put e sim archive haiz sad
spam,welcome ukmobiledate msg free giving free calling future mgs billed daily cancel send go stop
ham,wishing great day moji told offer always speechless offer easily go great lengths behalf stunning exam next friday keep touch sorry
ham,thanks reply today ur visa coming r u still buying gucci bags sister things easy uncle john also bills really need think make money later sha
ham,sorry flaked last night shits seriously goin roommate tonight
ham,said look pretty wif long hair wat thk hes cutting quite short leh
ham,ranjith cal drpd deeraj deepak hold
ham,cheers callin babesozi culdnt talkbut wannatell u details later wenwecan chat properly x
ham,hey u still gym
ham,said u mind go bedroom minute ok sed sexy mood came minuts latr wid caken wife
ham,much better thanks lol
ham,nothing smsing u n xy lor sorry lor da guys neva c u person sort know u lor u wan meet xy ask bring u along next meeting
ham,lem know swing pick im free basically time semester
ham,wa u efficient gee thanx
spam,received mobile content enjoy
ham,able sleep
ham,want explicit sex secs ring costs
ham,meet soon princess ttyl
ham,ill pick go taunton still want come
ham,oh outside players allowed play know
ham,anything lor
ham,erutupalam thandiyachu
ham,cant u try new invention flyim joking
ham,noits ful song lyrics
ham,u reckon need arrange transport u cant thanks
ham,true lov n care wil nevr go unrecognized though somone often makes mistakes valuing definitly undrstnd start missing
ham,shopping eh ger toking abt syd lehhaha
ham,standing
ham,good weekend
ham,miss call miss call khelate kintu opponenter miss call dhorte lage thats rule one great phone receiving quality wins
ham,call get chance plz
ham,new deus ex game comin early next yr
ham,computer fried essential part dont keep spares fucking idiot roommates looovvve leaving thing running full ltgt
ham,friend shes studying warwick weve planned go shopping concert tmw may canceled havnt seen ages yeah get together sometime
ham,probably couple hours tops
ham,lol grins im babe thanks thinking
ham,man bus slow think youre gon na get
ham,hope text meets smiling let text give reason smile beautiful day
ham,case wake wondering forgot take care something grandma today done parade
ham,ok
spam,latest nokia mobile ipod player proze guaranteed reply win norcorp
spam,sms services inclusive text credits pls goto wwwcomuknet login unsubscribe stop extra charge help
ham,nvm take ur time
ham,wats da decision
ham,wot u bitch
ham,stupidits possible
ham,told hr want posting chennaibecause im working
spam,mobile club choose top quality items mobile
ham,guys leaving
ham,neva grumble sad lor hee buy tmr lor aft lunch still meetin lunch tmr neva hear fr lei ìï got lot work ar
ham,able anything
ham,ìï takin linear algebra today
ham,weekend fine excuse much decorating
ham,sorry missed babe late slept hope enjoy driving lesson boytoy miss teasing kiss
ham,project pa come
ham,money wining number wot next
ham,sure whenever show fuck gt
ham,random saw old roomate campus graduated
spam,congrats mobile videophones r call videochat wid ur mates play java games dload polyh music noline rentl
ham,men always needs beautiful intelligent caring loving adjustable cooperative wife law allows one wife
ham,sucks got planned yo valentine yo valentine arent
ham,got part nottingham hrs good thing love man much hey ho
ham,think one saying clearly ok leave need ask go come
ham,hi good mornin thanku wish u
ham,u want meet
ham,actually decided hungry havent left yet v
ham,ive sent part
ham,cos shopping wif darren jus n called ask wat present wan lor started guessing wif n finally guessed darren lor
spam,want cock hubbys away need real man satisfy txt wife strings action txt stop end txt rec otbox
ham,understand loss gain work school
ham,u missed u havent much bit bored holiday want go bak college sad isnt itxx
ham,hiya probably coming home weekend next
ham,dont forget though love walk beside watching keeping heart warm
ham,wish things different wonder able show much value pls continue brisk walks drugs without askin please find things laugh love dearly
ham,ok days making dinner tonite invited
spam,new service live sex video chat mob see sexiest dirtiest girls live ur phone details text horny cancel send stop
ham,money steve mate
ham,im late tellmiss im way
ham,never blame day ur life good days give u happiness bad days give u experience essential life gods blessings good morning
ham,normally use drink water daily
ham,dare ask luck sorting car
ham,partys place usf charge contribute way greatly appreciated yeah got room one
ham,urgh coach hot smells chip fat thanks especially duvet predictive text word
ham,hiya last night ive naughty bought clothes little ready shopping tho kind time wan na meet
ham,freemsg hi baby wow got new cam moby wan na c hot pic fancy chatim rply chat hlp
ham,ive trying reach without success
ham,derek done class
ham,never lei v lazy got wat dat day send da url cant work one
ham,never try alone take weight tear comes ur heart falls ur eyes always remember stupid friend share bslvyl
ham,hey mate spoke mag people weûre deliver end month deliver sept talk later
ham,hope good week checking
ham,haha friend tyler literally asked could get dubsack
ham,hey u fancy meetin cha åð hav lil beverage txt ring meet quite tired got vpist love pete x x x
ham,great safe trip dont panic surrender
ham,symptoms u love like listening songs get stopped u see name beloved wont get angry
ham,sun ah thk mayb dun anythin thk book e lesson e pilates orchard mrt u noe hor
ham,try something dear read something exams
ham,wonders world ur style ur smile ur personality ur nature ur sms ur lovely friendship good morning dear
spam,gettin rdy ship comp
ham,hospital da return home evening
ham,piss talking someone realise u point itnow read backwards
ham,think da wil
ham,im awake oh whats
ham,good afternoon boytoy goes walking day get police abstract still wake miss babe
ham,much u trying get
ham,come around ltdecimalgt pm vikkyim otside nw il come tht time
ham,tell address
ham,honeybee said im sweetest world god laughed amp said waitu havnt met person reading msg moral even god crack jokes gmgngegn
ham,buy blackberry bold torch buy new used let know plus saying buy ltgt g wifi ipad saying ltgt g
ham,together thinkin
ham,hiya hows going sunny africa hope u r avin good time give big old silver back big kiss
ham,time come tomorrow
spam,wan na laugh try chitchat mobile logon txting word chat send cm po box london rcvd
ham,cha quiteamuzing thatåõscool babe
ham,omg u know ate
spam,urgent attempt contact uu
ham,
ham,directly behind abt rows behind
spam,congratulations ur awarded cd vouchers guaranteed free entry wkly draw txt music
spam,contract mobile mnths latest motorola nokia etc free double mins text orange tariffs text yes callback remove records
spam,urgent call landline complimentary ibiza holiday cash await collection sae tcs po box ppm
ham,plans yet
ham,hi engagement fixd ltgt th next month know really shocking bthmm njan vilikkamt ws al sudn
ham,course maths one day one chapter one month finish
ham,wow didnt think common take back ur freak unless u chop
spam,ur chance win wkly shopping spree txt shop tscs custcare
ham,noooooooo please last thing need stress life fair
spam,u secret admirer looking make contact ufind rreveal thinks ur specialcall
spam,mila blonde new uk look sex uk guys u like fun text mtalk increments
ham,ill see swing bit got things take care firsg
ham,wanted wish happy new year wanted talk legal advice gary split person ill make trip ptbo hope everything good babe love ya
ham,finished work yet something
ham,tomorrow going theatre come wherever u call tell come tomorrow
spam,well done england get official poly ringtone colour flag yer mobile text tone flag optout txt eng stop
ham,right wasnt phoned someone number like
ham,ok wun b angry msg u aft come home tonight
ham,good time nice something bit different weekends change see ya soon
ham,yo sorry shower sup
ham,carlos pick ill swing usf little bit
ham,full heat pa applyed oil pa
ham,im stuck da middle da row da right hand side da lt
spam,laid airtel line rest
ham,hi u decide wot get bday ill prob jus get voucher frm virgin sumfing
spam,freemsg txt call claim reward hours talk time use phone inc stoptxtstop
ham,hey j r u feeling better
ham,dont plan staying night prolly wont back til late
ham,thanx puttin da fone
ham,need im campus atm could pick hour two
ham,oh haha den shld went today gee nvm la kaiez dun mind goin jazz oso scared hiphop open cant catch
ham,running managed minutes needed oxygen might resort roller option
ham,live next ltgt mins
ham,de asking like
ham,glad talking
ham,wat time finish
ham,sorry da gone mad many pending works
ham,much got cleaning
ham,hows favourite person today r u workin hard couldnt sleep last nite nearly rang u
spam,sunshine quiz win super sony dvd recorder canname capital australia text mquiz b
ham,ìï called dad oredi
ham,good think could send pix would love see top bottom
ham,nvm im going wear sport shoes anyway im going late leh
ham,sorry ill call later meeting
ham,long fuckin showr
ham,received understood n acted upon
ham,finally came fix ceiling
ham,u need presnts always bcz u cant mis love jeevithathile irulinae neekunna prakasamanu sneham prakasam ennal prabha mns prabha islove got dont mis
ham,jus finish blowing hair u finish dinner already
ham,im bus love
ham,lol knew saw dollar store
spam,please call customer service representative guaranteed cash prize
spam,todays voda numbers ending selected receive reward match please call quoting claim code standard rates apply
ham,saturday sunday holiday difficult
ham,everybody fun evening miss
ham,got hella gas money want go grand nature adventure galileo little bit
ham,im meeting call later
ham,oh wow thats gay firmware update help
ham,wont move morphine
ham,come din c yup cut hair
ham,k k pa lunch aha
ham,oh ho first time u use type words
ham,captain vijaykanth comedy captain tvhe drunken
ham,course guess gods got hold right
ham,hide anythiing keeping distance
ham,havent
spam,ripped get mobile content wwwclubmobycom call polytruepixringtonesgames six downloads
ham,sorry din lock keypad
ham,u got persons story
ham,planning come chennai
spam,tried contact reply offer video phone anytime network mins half price line rental camcorder reply call
ham,god created gap btwn ur fingers dat vry special fill gaps holding ur hands plz dont ask created much gap legs
ham,okay going sleep later
ham,please protect ethreats sib never asks sensitive information like passwordsatmsms pin thru email never share password anybody
ham,finally happened aftr decades beer cheaper petrol goverment expects us drink dont drive
spam,xmas reward waiting computer randomly picked loyal mobile customers receive reward call
ham,r e meeting tmr
ham,lol yes add spice day
ham,hope great day
ham,prasanth ettans mother passed away last night pray family
ham,k ill work something
spam,private account statement shows unredeemed points call identifier code expires
ham,message great doctor india drink appy fizz contains cancer causing age
ham,cant pick phone right pls send message
ham,call tell infront call
ham,ok prob
ham,ladies first genus second k
ham,yes please swimming
ham,mum going robinson already
ham,ok set let u noe e details later
ham,nottel software name
ham,send print outs da
ham,im realy soz imat mums
ham,born god said oh another idiot born
ham,didnt get ur full msgsometext missing send
ham,probably im almost gas get cash tomorrow
spam,customer service announcement recently tried make delivery unable please call reschedule
ham,forgot ask smth theres card da present lei ìï want write smth sign
ham,im leaving house
ham,hi babe chloe r u smashed saturday night great weekend u missing sp visionsmscom text stop stop
ham,ìï ready call
ham,wewa iriver mb
ham,good thing im getting connection bw
ham,sry dajst nw came home
ham,thats cool hell night lem know youre around
ham,staying town
ham,haha yeah oz kind shitload
ham,ok u take shopping u get paid
ham,life means lot love life love people life world calls friends call world ge
ham,alright well bring see like ltgt mins
ham,pls dont play others life
ham,eatin lunch
ham,hmmmbut give one day
ham,didnt try g decided head
ham,ok prob
ham,surly ill give coming review
ham,march ending ready call sure problem capital never complete far hows work ladies
ham,tessypls favor pls convey birthday wishes nimyapls dnt forget today birthday shijas
ham,pls give food preferably pap slowly loads sugar take hour give water slowly
spam,urgent mobile awarded bonus caller prize attempt contact call
ham,guy gets used dumb realize
ham,okey dokey iûll bit sorting stuff
ham,dawhats plan
ham,yes fine
spam,win winner mr foley ipod exciting prizes soon keep eye ur mobile visit
spam,liked new mobile
spam,anytime
ham,mmmmmmm snuggles deep contented sigh whispers fucking love much barely stand
ham,yar say got error
ham,hey anyway
ham,wow healthy old airport rd lor cant thk anything else ill b bathing dog later
ham,wif family booking tour package
ham,say bold torch later one torch
ham,haha awesome might need take doin tonight
ham,ya knw u vl givits ok thanks kanoanyway enjoy wit ur family wit salary
ham,huh slow tot u reach long ago liao u days leh
ham,thats cool princess cover face hot sticky cum
ham,big brotherûs really scraped barrel shower social misfits
ham,oops thk dun haf enuff go check tell
ham,min go lunch
ham,hey happened u switch ur cell whole day isnt good u care give call tomorrow
ham,k addie amp art ill get home
ham,uncles atlanta wish guys great semester
ham,aiyo lesson early im still sleepin haha okie u go home liao den confirm w lor
ham,forgot tell smth like number sections clearer
ham,yup anything lor u dun wan ok
ham,im home love still awake loving kiss
ham,hello peach cake tasts lush
spam,free game get rayman golf free games arcade get ur games settings reply post save press key arcade termsapply
ham,therell minor shindig place later tonight interested
ham,jason says cool pick place like hour
spam,mobile mths update latest cameravideo phones free keep ur number get extra free minstexts text yes call
ham,career tel added u contact indyarockscom send free sms remove phonebook sms ltgt
ham,ive reached already
ham,dont know ask brother nothing problem thing told
ham,keng rocking ashes
ham,wat time r going xins hostel
ham,good morning dear shijutta great amp successful day
spam,buy space invaders chance win orig arcade game console press games arcade std wap charge see terms settings purchase
ham,oh kafter placement ah
ham,possession especially first offense
ham,nt driving even many reasons called bbdthts chikku hw abt dvg coldheard tht vinobanagar violence hw conditionand hw ru problem
ham,bought test yesterday something lets know exact day u ovulatewhen get pls pls dont fret know u r worried pls relax also anything ur past history u need tell
ham,pizza u want
ham,keep seeing weird shit bein woah realising actually reasonable im oh
ham,many happy returns day wish happy birthday
ham,ya nice ready thursday
ham,hospital da return home evening
ham,thinking u x
spam,camera awarded sipix digital camera call fromm landline delivery within days
ham,orh tot u say still dun believe
ham,put sign choose number pin show right
ham,beauty life next second hides thousands secrets wish every second wonderful ur life gud
ham,thanx u darlinim cool thanx bday drinks nite take care c u soonxxx
ham,youre still maybe leave credit card get gas get back like told
spam,weekly coolmob tones ready download weeks new tones include crazy frogaxel f akonlonely black eyeddont p info n
ham,well boy glad g wasted night applebees nothing
ham,cashbincouk get lots cash weekend wwwcashbincouk dear welcome weekend got biggest best ever cash give away
ham,ok lor u wan go look u
ham,u wan haf lunch im da canteen
ham,dont make life stressfull always find time laugh may add years life surely adds life ur years gud dreams
ham,hey looks like wrong one kappa guys numbers still phone want text see hes around
spam,urgent mobile number awarded prize guaranteed call land line claim valid
spam,thanks continued support question week enter u draw cash name new us president txt ans
ham,im home doc gave pain meds says everything fine
ham,ì ardìä rest ard leastwhich ì price ì bedrm
ham,lovely night xxx
ham,prepare pleasured
spam,hitechnical supportproviding assistance us customer call email
ham,text way cup stop work bus
ham,whens radio show
spam,unique user id removal send stop customer services
ham,im sure still available though
ham,watever relation u built dis world thing remains atlast iz lonlines lotz n lot memories feeling
ham,cheers lou yeah goodnite shame u neva came c ya gailxx
ham,hii got money da
ham,hi mobile ltgt added contact list wwwfullonsmscom great place send free sms people visit fullonsmscom
ham,ok u tell wat time u coming later lor
ham,u repeat e instructions wats e road name ur house
ham,many people seems special first sight remain special till last sight maintain till life ends shjas
ham,quite lor dun tell wait get complacent
ham,sorry completely forgot pop em round week still
ham,u r beautiful girl ive ever seen u r baby come c common room
ham,cant see join denis mina denis want alone time
ham,sen told going join uncle finance cbe
ham,yup hey one day fri ask miwa jiayin take leave go karaoke
spam,call senthil hsbc
ham,especially since talk boston personal statement lol woulda changed realized said nyc says boston
ham,indeed way either
spam,urgent call landline complimentary ibiza holiday cash await collection sae tcs po box
ham,holy living christ taking long
ham,ìï thk wat eat tonight
ham,thanx yup coming back sun finish dinner going back hotel time flies tog exactly mth today hope well haf many mths come
ham,opposite side dropped
ham,yup izzit still raining heavily cos im e mrt cant c outside
ham,send resume
ham,gd luck ur exams
ham,u ask next sat make im ok lor
ham,sorry uncle ill keep touch
ham,saw guys dolls last night patrick swayze great
spam,urgent attempt contact u prize yesterday still awaiting collection claim call
ham,santa calling would little ones like call santa xmas eve call book time last tc wwwsantacallingcom
ham,come home dont want u miserable
ham,dont know shes getting messages
ham,cool tyler take gon na buy drop place later tonight total order quarter got enough
ham,guy car shop flirting got phone number paperwork called texted im nervous course may address call boss tell knowing may get fired
ham,reverse cheating mathematics
ham,plan manage
ham,er hello things didnût quite go plan ûò limping slowly home followed aa exhaust hanging
ham,sorry delay yes masters
ham,call u finish come n pick u
spam,private account statement shows unredeemed bonus points claim call identifier code expires
ham,whats oga left phone home saw ur messages hope good great weekend
ham,dont worry though understand important put place poorly thought punishment face worst thing ever happened brb gon na go kill
ham,honey pls find much sell predicte nigeria many times used important reply monday
ham,e admin building might b slightly earlier ill call u im reaching
ham,fyi im usf swing room whenever
ham,call ltgt min thats ok
ham,ummmmmaah many many happy returns day dear sweet heart happy birthday dear
ham,ìï home work meh
ham,anything valuable situations first getting second loosing
ham,mark taking forever pick prescription pain coming back
ham,hows ur paper
ham,got smaller capacity one quite ex
ham,check choose babe videos smsshsexnetun fgkslpopw fgkslpo
ham,im good thinking
spam,u r winner u ave specially selected receive cash holiday flights inc speak live operator claim
ham,
ham,thought bout drink tap spile seven pub gas st broad st canal ok
ham,going sleep tired travel
ham,haha thinkin
ham,yup giving problems mayb ill jus leave
ham,lol trying make day little interesting
ham,long get reply defer admission til next semester
ham,word checkmate chess comes persian phrase shah maat means king dead goodmorning good day
ham,po de need job aha
ham,rats hey u ever vote next themes
spam,new mobiles must go txt nokia collect today txtauction
ham,hope pee burns tonite
ham,oh rite well im best mate pete went week longer week
ham,yay cant wait party together
ham,photoshop makes computer shut
ham,boys made fun today ok problem sent one message fun
ham,thats one issues california okay snow manageable
spam,private account statement shows unredeemed points call identifier code expires
ham,hmmm mayb try e shoppin area one forgot e name hotel
ham,awesome gon na soon later tonight
ham,need details online job
spam,valued vodafone customer computer picked win prize collect easy call
ham,missing toopray inshah allah
ham,pls help tell ashley cant find number oh
ham,escape theatre going watch kavalan minutes
spam,sthis increase chance winning
ham,either way works ltgt years old hope doesnt bother
ham,maybe find something else instead
ham,gain rights wifedont demand iti trying husband toolets see
ham,liked new house
ham,im fine hope also
ham,also north carolina texas atm would go gre site pay test results sent
ham,u
ham,yes baby need stretch open pussy
ham,thanks bomb date phone wanted say
ham,ok
ham,hey guy know breathing neck get bud anyway youd able get half track usf tonight
ham,response one powerful weapon occupy place others heart
spam,nokia phone lovly
spam,free messagethanks using auction subscription service skip auction txt unsubscribe txt stop customercare
spam,bored housewives chat n date btnational rate landlines
ham,sorry datoday wont come playi driving clas
ham,im really sorry lit hair fire
ham,oh shit thought trip loooooool makes much sense grins sofa reference sleep couch link sent wasnt went trip oh didnt babe go celebration rents
ham,okey dokey swashbuckling stuff oh
ham,watching cartoon listening music amp eve go temple amp church u
ham,tension face smiling face waste face innocent face face face face face face ltgt joker face
ham,dips cell dead coming u better respond else shall come back
ham,well know mean texting
ham,hi dis yijue would happy work wif
ham,lol oops sorry fun
ham,wat happened cruise thing
ham,know dat feelin pete wuld get em nuther place nuther time mayb
spam,inviting friend reply see wwwsmsacuhmmross stop send stop frnd
ham,worlds happiest frnds never characters dey best understanding differences
spam,polyphonic tone ur mob every week txt tone free get txtin tell ur friends reply hl
ham,yeah open chat click friend lists make list easy pie
ham,alright tylers got minor crisis home sooner thought asap
ham,whenwhere pick
ham,usual u call ard smth
ham,new theory argument wins situation loses person dont argue ur friends kick amp say im always correct
ham,many things antibiotic used chest abdomen gynae infections even bone infections
ham,poor girl cant go one day lmao
ham,
spam,todays vodafone numbers ending selected receive award number matches call receive award
ham,pls make note shes exposed also find school anyone else vomiting dog cat house let know later
ham,japanese proverb one u none itu must indian version one let none itleave finally kerala version one stop none make strike
ham,sounds like could lot time spent chastity device boy grins take beatings like good dog going lounge nice long bath
ham,worse uses half way stops better complete
ham,miserable dont tell u side effects birth control massive gut wrenching cramps first months didnt sleep last night
ham,send new number
ham,convey regards
spam,want latest video handset anytime network mins half price line rental reply call delivery tomorrow
ham,half years missed friendship
ham,cant pick phone right pls send message
ham,oh fucks sake shes like tallahassee
ham,haha first person gon na ask
spam,ou guaranteed latest nokia phone ipod player prize txt word collect ibhltd
ham,taka lor wat time u wan come n look us
spam,free polyphonic ringtone text super get free poly tone week sn subscription
ham,im reaching another stops
ham,didnt mean post wrote like many times ive ritten stuff let sit feeling time angry left hit send stop wasnt checked phone got car wasnt said didnt sleep bored wouldnt time clean fold laundry etc least make bed
spam,warner village c colin farrell swat wkend warner village get free med popcornjust show msgticketkioskvalid c tc kiosk reply sony mre film offers
ham,come online today night
ham,anything special
ham,im solihull want anything
ham,good day
ham,regret inform u nhs made mistakeu never actually bornplease report yor local hospital terminatedwe r sorry inconvenience
ham,love holiday monday feeling even go dentists hour
ham,way tirupur
ham,goal arsenal henry v liverpool henry scores simple shot yards pass bergkamp give arsenal goal margin mins
ham,youve already got flaky parent itsnot supposed childs job support parentnot theyre ride age anyway im supposed support ive hurt unintentional hurt nonetheless
ham,took hooch walk toaday fell splat grazed knees everything stayed home see tomorrow
ham,dropped em omw back
spam,time tried contact u u pound prize claim easy call per min btnationalrate
ham,sitting mu waiting everyone get suite take shower
ham,call didnt see facebook huh
ham,g says never answer texts confirmdeny
ham,common hearin r u wat r u ur day let ask u something different u smile today gud evng
ham,hi dear call urgnt dont know whats problem dont want work problem least tell wating reply
ham,oh yah never cancel leh haha
ham,go e normal pilates intro
ham,ok let u noe leave house
ham,oh yes like torture watching england
ham,wan na art
ham,hopeing wasnût pissed remember gone sisters something
spam,got takes take part wrc rally oz u lucozade energy text rally le see packs lucozadecoukwrc itcould u
spam,hi sexychat girls waiting text text great night chatting send stop stop service
ham,good morning boytoy hows yummy lips wheres sexy buns think crave need
ham,match startedindia ltgt
spam,free call sir
ham,hey want anything buy
ham,hey babe hows going ever figure going new years
ham,kkcongratulation
ham,g wants know fuck
ham,cancelled yeah baby well sounds important understand darlin give ring later fone love kate x
ham,tomarrow want got court ltdecimalgt come bus stand
ham,ìï go home liao ask dad pick
ham,omg make wedding chapel frontierville get good stuff
ham,im eatin lor goin back work soon e mountain deer show huh watch liao nice
ham,check maili mailed varma kept copy regarding membershiptake careinsha allah
ham,wrong phone phone answer one assume people dont well
ham,anyway dont think secure anything lem know want drive south chill
ham,im already back home probably
spam,great news call freefone claim guaranteed cash gift speak live operator
ham,hi amy sending free phone number couple days give access adult parties
ham,bus way calicut
ham,hi probably much fun get message thought id txt u cos im bored james farting night
ham,hi baby im sat bloody bus mo wont home wan na somethin later call later ortxt back jess xx
spam,welcome select service added benefits call specially trained advisors free mobile dialling
ham,lost pounds since doc visit last week woot woot im gon na celebrate stuffing face
ham,u coming back dinner rite dad ask confirm wif u
ham,masters buy bb cos sale hows bf
ham,ahhhhjust woken uphad bad dream u thoso dont like u right didnt know anything comedy night guess im
ham,im viveki got call number
ham,didnt u call lunch
ham,mean left early check cos im working
ham,want ltgt rs dado
ham,bit ur smile hppnss drop ur tear sorrow part ur heart life heart like mine wil care u forevr goodfriend
ham,yup ok
ham,want see pretty pussy
spam,dear voucher holder next meal us use following link pc enjoy dining
ham,people game im mall iouri kaila
spam,urgent trying contact u todays draw shows prize guaranteed call land line claim valid
ham,donate unicefs asian tsunami disaster support fund texting donate added next bill
ham,future planned tomorrow result today best present enjoy future
ham,cme want go hos wil cme got dear didnt say time
ham,supposed meet discuss abt trip thought xuhui told afternoon thought go lesson
ham,hey come online use msn
ham,im fine hope good take care
ham,oops shower u called hey parking garage collapsed university hospital see im crazy stuff like happen
ham,aiyo u poor thing u dun wan eat u bathe already
ham,yar tot u knew dis would happen long ago already
ham,gorgeous keep pix cumming thank
ham,boy late home father power frndship
ham,jade paul didnåõt u txt u remember barmed want talk u txt
ham,spending new years brother family lets plan meet next week ready spoiled
ham,u today
ham,said okay sorry
ham,slept thinkthis time ltgt pm dangerous
ham,networking job
spam,goldviking inviting friend reply see wwwsmsacugoldviking stop send stop frnd
ham,dont let studying stress
ham,thats u haf keep busy
ham,rushing im working im school rush go hungry
spam,channel
ham,telling coulda real valentine wasnt u never pick nothing
spam,phony award todays voda numbers ending xxxx selected receive award match please call quoting claim code standard rates app
ham,made eta taunton planned hope thatûs still okday good see xx
ham,im hungry buy smth home
ham,hey kate
ham,drive read need write
ham,looked addie goes back monday sucks
ham,happy new year hope good semester
ham,esplanade lor else
ham,talk
ham,hmph go head big baller
ham,well like actually called someone punto woulda worse
ham,nope since ayo travelled forgotten guy
ham,still around looking pick later
spam,cds congratulations ur awarded cd gift vouchers gift guaranteed freeentry wkly draw xt music tncs
ham,theres someone year ltgt toyota camry like mr olayiwolas mileage ltgt kits clean need know much sell raise dough soon landing sell holla back
ham,guess pub im im happy pig clover whatever saying
ham,ill b soon
ham,oh k come tomorrow
ham,go fool dont cheat others ok
ham,mobile numberpls sms ur mail idconvey regards achanammarakheshqatar
ham,way rencontre meet mountains dont
spam,guaranteed cash prize claim yr prize call customer service representative cost
ham,u attend ur driving lesson many times wk n day
ham,uncle g checking rewarding month
ham,hello boytoy geeee im missing today like send tm remind im thinking loved loving kiss
ham,think two still need get cash def ready
ham,hey galsu wan na meet dinner nìâte
spam,dear uve invited xchat final attempt contact u txt chat ldn
ham,babe talking think good boy missing love
ham,great office today
ham,cool last little getting time soon
ham,sad puppy noise
ham,yes possible dint try pls dont tell one k
ham,anyway holla whenever youre around need excuse go creep people sarasota
ham,happen
ham,gon na ask lol think
spam,ur cashbalance currently pounds maximize ur cashin send go cc
spam,private account statement shows unredeemed sim points call identifier expires
ham,go chase run shes crossing street
spam,id like tell deepest darkest fantasies call stop texts call nat rate
ham,coming friday leave pongaldo get news work place
ham,hey inconvenient sis huh
ham,ok vldo u know got adsense approved
ham,really good see day dudette missing
ham,want go perumbavoor
ham,many times told stage use laugh listen aha
ham,wont believe true incredible txts reply g learn truly amazing things blow mind
ham,didnt hear
ham,thanks talk saturday dear cherish brother role model
ham,pls clarify back open return ticket preponed go back kerala
spam,natalie inviting friend reply see stop send stop frnd
ham,ran younger man make pretty babies together
spam,jamster get free wallpaper text heart tc apply need help call
ham,ic lol play doors sometime yo
ham,dunno dad said coming home bring us lunch yup go w u lor call u reach school lor
ham,sent jd customer service cum accounts executive ur mail id details contact us
ham,desires u going doctor liver get bit stylish get ur hair managed thats
ham,hmmmstill dont opener
ham,yeah basically time next week get away mom amp get
ham,edison rightly said fool ask questions wise man answer know us speechless viva gm
ham,vote wherever heart guides
ham,sis lor juz watched italian job
ham,tick tick tick could die loneliness know pouts stomps feet need
ham,lmao know well
spam,double mins double txt price linerental latest orange bluetooth mobiles call latest offers
ham,train back northampton im afraid im staying skyving today ho ho around wednesday though fancy comedy club week way
ham,goodnight da thangam really miss u dear
ham,hey next sun theres basic yoga course bugis go pilates intro next sat tell time r free
ham,geeeee internet really bad today eh
spam,free video camera phones half price line rental mths cross ntwk mins txts call
ham,think disturbing da
ham,sorry ill call later meeting sir
ham,havent stuck orchard dads car going dinner u leh r free tonight
ham,ok also wan watch e pm show
ham,dunno lei like dun haf
ham,brother transfered ltgt ltgt pa
ham,calls later afternoon onwords mtnl service get problem south mumbai hear cannt listen
spam,uk break accommodationvouchers terms conditions apply claim mustprovide claim number
ham,talk g x
ham,hai dear friends new amp present number rajitha raj ranju
spam,alfie moons children need song ur mob tell ur txt tone charity nokias poly charity polys zed profit charity
ham,different styles
spam,win shopping spree every week starting play text store skilgme
ham,gud dearslp welltake careswt dreamsmuah
ham,want sent ltgt mesages today thats sorry hurts
spam,attempt contract u weeks top prize either cash prize call
ham,well im glad didnt find totally disagreeable lol
ham,guy flash go call call madam take care oh
spam,want new nokia colour phone deliveredtomorrow free minutes mobile free texts free camcorder reply call
ham,mark works tomorrow gets work house meet u afterwards
ham,keep ur problems ur heart
ham,yeah give call youve got minute
ham,hi babe uawakefeellikw shitjustfound via aletter thatmum gotmarried ourbacks åð fuckinniceselfish
ham,amazing rearrange letters gives meaning dormitory dirty room astronomer moon starer eyes see election results lies lets recount motherinlaw woman hitler eleven plus two twelve plus one amazing
ham,aiya discuss later lar pick
ham,hey happy birthday
ham,sorry missed call please call back
ham,omg one thing another cat worms bad day end
ham,good morning im suffering fever dysentry able come office today
ham,wont anything de
ham,type stuff sing
ham,st andre virgils cream
ham,check rooms befor activities
ham,fri ah okie lorgoin drivin den go shoppin tt
ham,gokila talking aha
spam,hi shanilrakhesh herethanksi exchanged uncut diamond stuffleaving back excellent service dino prem
ham,kkthis month kotees birthday know
ham,im really really broke oh amount small even ltgt
ham,sorry mates phone didnt write love kate
spam,themobhit link get premium pink panther game new sugababes crazy zebra animation badass hoody wallpaperall free
ham,ah well confuses things doesnt thought friends maybe wrong thing already sort invited tho may come cos money
ham,aight call youre close
ham,nope thats fine might nap tho
spam,msg mobile content order resent previous attempt failed due network error queries customersqueriesnetvisionukcom
ham,news hassling get weed week andres money haughaighgtujhyguj
ham,boy loved gal propsd bt didnt mind gv lv lttrs bt frnds threw thm boy decided aproach gal dt time truck speeding towards gal wn hit girld boy ran like hell n saved asked hw cn u run fast boy replied boost secret energy n instantly girl shouted energy n thy lived happily drinking boost evrydy moral story hv free msgsd gud
ham,wnt buy bmw car urgentlyits vry urgentbut hv shortage ltgt lacsthere source arng dis amt ltgt lacsthats prob
ham,ding ya break fassyole blacko londn
ham,really need kiss u miss u baby ur baby
ham,sign maturity start saying big things actually start understanding small things nice evening bslvyl
ham,oh got many responsibilities
spam,new message please call
ham,ive reached sch already
spam,december mobile entitled update latest colour camera mobile free call mobile update vco free
ham,u definitely need module e humanities dis sem izzit u wan take modules
ham,argh fuck nobody town
spam,get lions england tone reply lionm mono lionp poly go wwwringtonescouk original n best tones network operator rates apply
ham,thanks fills complete calm reassurance
ham,aslamalaikkuminsha allah tohar beeen muht albi mufti mahfuuzmeaning
ham,driving training
ham,lol real told dad cancer
spam,private account statement
ham,oops ltgt
ham,enufcredeit tocallshall ileave uni get bus yor house
ham,hi chikku send nice msgs
ham,impossible argue always treats like sub like never released remind necessary
ham,work ah den plus lor u workin oso rite den go orchard lor place go liao
ham,wonderful okors great month cherish guys wish well day mojibiola
ham,cuz ibored wan na study
ham,wot wed nite til
ham,rose redred bloodblood heartheart u u send tis ur friends including u like u get back r poor relation need support r frnd many luvs u praying god marry u try
ham,way
ham,sucks ill go u hair youll free right
ham,still working time also tried adding zeros savings checking ltgt
ham,hmm dunno leh mayb bag goigng dat small jus anything except perfume smth dat keep
ham,sday joinedso training started today
ham,sorry grocers
ham,nice pubs near frankie n bennys near warner cinema
spam,costa del sol holiday await collection call toclaim sae tc stockport
ham,yup havent want go yoga call book
ham,oh shut omg yesterday dream kids boys pissed kids boys even told mark dream changing diapers cause im getting owed face
ham,yeah imagine would really gentle unlike docs treat patients like turkeys
spam,free week nokia tone ur mobile every week txt nokia get txting tell ur mates wwwgetzedcouk pobox
ham,started dont stop pray good ideas anything see help guys ill forward link
ham,hi darlin im helens fone im gon na b princes nite please come tb love kate
ham,im office dawhere
ham,aiyar u poor thing give u support k jia ill think u
ham,oh unintentionally bad timing great fingers trains play along give fifteen min warning
spam,get garden ready summer free selection summer bulbs seeds worth scotsman saturday stop notxtcouk
ham,kthen come wenever u lik come also tel vikky come getting free time
ham,pls call da happen
ham,happy new year u ur familymay new year bring happiness stability tranquility ur vibrant colourful life
ham,problem renewal ill right away dont know details
ham,idk im sitting stop shop parking lot right bawling eyes feel like im failure everything nobody wants feel like im failing
ham,havent left yet probably gon na til dinner
ham,like ltgt question
ham,new years eve ok went party boyfriend si hey
ham,sir need velusamy sirs date birth company bank facilities details
ham,k k sms chat
ham,come karnan car please wait till directly goto doctor
spam,bluray player
ham,ok r meeting later
ham,lol need cash nitros hurry come crash
ham,send text well skype later
ham,ok leave need ask
spam,congrats mobile videophones r call videochat wid ur mates play java games dload polyph music noline rentl
ham,ìï still got lessons ìï sch
ham,dun believe leh tot told true already thk muz c us tog believe
spam,oh charge camera
ham,iûve got salt rub open wounds like
ham,im going lunch
ham,im school n ill da lab stuff give call r done
ham,oh k come tomorrow
ham,aight text tonight well see whats
ham,u
ham,water logging desert geoenvironmental implications
ham,rajipls favour pls convey birthday wishes nimya pls today birthday
ham,company goodenvironment terrific food really nice
ham,strange watching one im bed sweet dreams miss u
spam,sms auction brand new nokia auction today auction free join take part txt nokia
ham,hi hope u r ok said would text hasnt u seen let gently please
ham,babe fucking love know fuck good hear voice need crave cant get enough adore ahmad kisses
ham,k sure relatives home sms de pls
ham,sent like
ham,fuuuuck need stop sleepin sup
ham,im town ill jus take mrt later
ham,cooked rather nice salmon la
ham,uploaded mine facebook
ham,time u wrkin
ham,okie
spam,ree entry weekly comp chance win ipod txt pod get entry std txt rate tcs apply details
spam,records indicate u maybe entitled pounds compensation accident claim free reply claim msg stop txt stop
ham,sorry ill call later
ham,oh oh den muz change plan liao go back yan jiu
ham,wylie tampa sarasota
ham,ok take ur time n enjoy ur dinner
ham,darren saying dat u meeting da ge den dun meet dinner cos later u leave xy feel awkward den u meet lunch lor
spam,spook mob halloween collection logo pic message plus free eerie tone txt card spook zed per logopic
ham,like cheap iûm happy splash wine makes feel better
ham,shes fine difficulties phone works mine pls send another friend request
ham,ugh leg hurts musta overdid mon
spam,call germany pence per minute call fixed line via access number prepayment direct access wwwtelediscountcouk
spam,costa del sol holiday await collection call toclaim sae tc stockport
ham,wot student discount u get books
ham,fineabsolutly fine
ham,come get b quite diff guess rite
spam,mobile update free oranges latest colour camera mobiles unlimited weekend calls call mobile freefone
ham,reach ur home ltgt minutes
ham,babe im answering cant see maybe youd better reboot ym got photo great
ham,hiwhat think match
ham,know thinkin malaria relax children cant handle malaria would worse gastroenteritis takes enough replace loss temp reduce give malaria meds vomit self limiting illness means days completely stop
ham,dai downloaded exe file run exe installing
ham,yesterday true true
ham,kkhow business
ham,pa selected
spam,natalja inviting friend reply see stop send stop frnd
ham,keep ten rs shelf buy two egg
ham,late
ham,well thats nice bad cant eat
ham,accidentally brought em home box
ham,pls needs dat slowly vomit
ham,take exam march
ham,jane babes goin wrk feel ill lst nite foned already cover chuck
ham,nightswe nt staying port step liaotoo ex
ham,die want u stuffs
ham,oh fuck juswoke bed boatin docks slept wid year old spinout giv u da gossip xxx
ham,smile pleasure smile pain smile trouble pours like rain smile hurts u smile becoz someone still loves see u smiling
ham,prabhaim sorydarealyfrm heart im sory
ham,remet alex nichols middle school turns hes dealing
spam,private account statement fone shows unredeemed points call identifier code expires
ham,means u could keep ur words
ham,nope im still market
ham,realise busy guy im trying bother get exams outta way try cars day
spam,chosen receive award pls call claim number collect award selected receive valued mobile customer
ham,hey project started aha da
ham,ok cool see ya
ham,uworld site buying qbank buying self assessment also
ham,opinion jada kusruthi lovable silent spl character matured stylish simple pls reply
spam,someonone know trying contact via dating service find could call mobile landline
ham,yeah still give ride
ham,jay wants work first hows sound
ham,gud gudk chikku tke care sleep well gud nyt
ham,part checking iq
ham,hmm thinking lor
ham,course dont tease know simply must see grins keep posted prey loving smile devouring kiss
ham,thanks temales wonderful thank great week
ham,thank princess want see nice juicy booty
ham,havent eaten day im sitting staring juicy pizza cant eat meds ruining life
ham,gud dearslp welltake careswt dreamsmuah
ham,u come n search tat vidnot finishd
ham,k im leaving soon little
spam,urgent please call landline cash holiday await collection cs sae po box
ham,yeah work fine started last week stuff dull easy guys fun
ham,studies alone without anyones help cant need study
ham,please tell car keys purse
ham,didnt get anything da
ham,ok sweet dreams
ham,well shes big surprise
ham,usualiam fine happy amp well
ham,cbe chennai
ham,help u swoop picking u wherever ur birds r meeting u want
ham,anyone calls treadmill say youll buy make sure working found ad craigslist selling ltgt
ham,absolutely love south park recently started watching office
ham,see film
ham,pls speak wont ask anything friendship
ham,storming msg wen u lift phne u say hello u knw wt real meaning hello name girl yes u knw dat girl margaret hello girlfrnd f grahmbell invnted telphone moralone name person
ham,gud drmstake care
ham,hi darlin kate u doin somethin tonight im going pub called swan something parents one drink phone u
ham,anything lar going home dinner
ham,er
spam,dont prize go another customer tc wwwtcbiz polo ltd suite london please call back busy
ham,u fix teethif asapok take care
ham,u wan come dinner tonight
ham,hellohow u doingwhat u u b moving flat cos need arrange pick lamp etc take care hello caroline
ham,latebut kwish
ham,hi hope ur day good back walk table booked half eight let know ur coming
ham,oh yeah clearly fault
ham,dunno leh cant remember mayb lor wat time r meeting tmr
ham,best msg hard person u know one step foward make u fall love amp one step back ruin ur friendship good night
spam,urgent mobile number awarded prize guaranteed call land line claim valid
ham,helloooo wake sweet morning welcomes enjoy day full joy gud mrng
ham,vikky come around lttimegt
ham,princess
ham,gone get info bt dont know
ham,yeah probably
ham,sent ur email id soon
spam,urgent week free membership prize jackpot txt word claim tc wwwdbuknet lccltd pobox
ham,im still pretty weak today bad day
ham,hey dont forget mine possession property mmm childish smile
ham,excellent thought misundrstud frnd knw u hate bt day wen ull knw truth ull hate urself gn
ham,hey congrats id luv ive go home
ham,dear call
ham,xy trying smth u eat already havent
spam,urgent please call landline cash luxury canary islands holiday await collection tcs sae po box
ham,donno genes something
spam,xmas iscoming ur awarded either cd gift vouchers free entry r weekly draw txt music tnc
ham,alex says hes ok ok
ham,u coming funeral home
ham,darling sister whens school resuming minimum wait period reapply take care
ham,ill hand phone chat wit u
ham,well good morning mr hows london treatin ya treacle
ham,cant make tonight
ham,time come tomorrow
ham,ltgt bucks banks fees fixed better call bank find
ham,tell quite long cos havent finish film yet
ham,pls ask macho much budget bb bold cos saw new one ltgt dollars
ham,hi missed call mumhas beendropping red wine theplace adress
ham,ill mins look
ham,leave
ham,im coming back thursday yay gon na ok get money cheers oh yeah everything alright hows school call work
ham,jolly good way give u tickets sat eve speak x
ham,yeah thats thinking
ham,kkim going tirunelvali week see uncle already spend amount taking dress want moneyi give feb
ham,got ur favorite oyster n got favorite sashimi ok lar dun say already wait ur stomach start rumbling
ham,sister going earn da
spam,get official england poly ringtone colour flag yer mobile tonights game text tone flag optout txt eng stop
ham,hahahause brain dear
ham,jus finish watching tv u
ham,k fyi im back parents place south tampa might need deal somewhere else
ham,good morning love go sleep wish great day full feeling better opportunity last thought babe love kiss
ham,kothi print marandratha
ham,havent got da topic yet rite
ham,ok problem yup im going sch rem correctly
ham,thanks ill keep mind
ham,aah bless hows arm
ham,dear sirsalam alaikkumpride pleasure meeting today tea shopwe pleased send contact number qatarrakhesh indianpls save numberrespectful regards
ham,gal n boy walking park galcan hold ur hand boyy u think would run away galno jst wana c feels walking heaven princegn
ham,makes happy
ham,wishing wonderful week
ham,sweet heart
ham,sir waiting letter
ham,dude im longer pisces im aquarius
ham,x course messages messenger lik r sending
ham,think steyn surely get one wicket
ham,neither sterm voice im studying fine sure thing resolved tho anyway fab hols
ham,garbage bags eggs jam bread hannaford wheat chex
ham,pride im almost ltgt years old shouldnt takin money kid youre supposed deal stuff grownup stuffwhy dont tell
ham,sounds better evening im costume im sure time finish tomorrow txt end
ham,birthday feb ltgt da
ham,wan na gym
ham,youd like wouldnt jerk
ham,u awake snow
ham,course make stink
spam,u r subscribed textcomp wkly comp wks free question follows subsequent wks unsubscribe txt stop
ham,go openings room til thanksgiving without upcharge
ham,guys planning coming
ham,wat
ham,parents kidz friends n colleagues screaming surprise waiting sofa naked
ham,sir thats trip bus last week another audition next wednesday think might drive time
ham,thought put back box
ham,im home
ham,one interested may business plan
ham,yup paragon havent decided whether cut yet hee
ham,good morning princess great day
ham,guai ìï shd haf seen hes naughty ìï free today go jogging
ham,aiyo cos sms neva reply wait reply lar tot havent finish ur lab wat
ham,living simple loving also simple laughing simple winning tooo simple simple difficult
ham,tell something thats okay
ham,ok
ham,hmm shall bring bottle wine keep us amused joking ill still bring bottle red white see tomorrow
ham,ur face test ltgt select number tell ur face astrology waiting quick reply
ham,hey iouri gave number im wylie ryans friend
ham,yep get program youre slacking
ham,im inside officestill filling formsdon know leave
ham,think mentor percent sure
spam,call send girls erotic ecstacy stop texts call nat rate
spam,camera awarded sipix digital camera call fromm landline delivery within days
spam,xmas reward waiting computer randomly picked loyal mobile customers receive reward call
ham,trying figure im suppose see couple different people week said wed get together didnt set dates
spam,important message final contact attempt important messages waiting customer claims dept expires call
ham,hi mom might back later ltgt
ham,datingi two started sent text talk sport radio last week connection think coincidence
ham,lol oh got friend dog
ham,ok problem u frm wats matter
ham,k ill head mins see
ham,u konw waht rael friendship im gving yuo exmpel jsut ese tihs msg evrey splleing tihs msg wrnog bt sitll yuo raed wihtuot ayn mitsake goodnight amp nice sleepsweet dreams
ham,cant pick phone right pls send message
ham,dont want leave im barely stay sane fighting constantly isnt helping
spam,current leading bid pause auction send customer care
spam,free entry wkly comp chance win latest nokia psp cash every wktxt great
ham,somebody set website play hold em using eve online spacebucks
ham,sunny california weathers cool
spam,new message call
ham,make squeezed ltgt bucks dad
ham,good day toopray meremove teeth painful maintaining stuff
ham,babes hope ok shit nights sleep fell asleep knackered iåõm dreading work tonight thou upto tonight x
ham,friends help us problems give stupid suggestion lands us another problem helps us forgt previous problem
ham,im work please call
ham,gentle baby soon taking ltgt inches deep inside tight pussy
ham,much fights good nite
ham,okok okthenwhats ur todays plan
ham,nt joking seriously told
ham,watching ajith film ah
ham,ooooooh forgot tell u get yoville phone
ham,done handed dont know mega shop asda counts celebration thats im
ham,dont know exactly could ask chechi
ham,dunno lei shd b driving lor cos go sch hr oni
ham,want custom officer discount oh
ham,thats necessarily respectful
ham,hi hope good day better night
ham,hes apparently bffs carly quick
ham,hard true much show amp express love someonethat much hurt leave get evening
ham,babes think got ur brolly left english wil bring u luv franxx
ham,hi babe thanks coming even though didnt go welli wanted bed hope see soon love kisses xxx
ham,gd got free ice cream oso wan
ham,pls give prometazine syrup ltgt mins later feed
ham,many days since
ham,dear angry busy dear
ham,yup msg tat yijue tot group mate cos meeting today mah im askin leaving earlier wat mah cos mayb haf walk v far
ham,pub
ham,first time everything
ham,daddy shu shu looking u u wan tell ure singapore wat
ham,ask u meeting da ge tmr nite
ham,handle victoria island traffic plus whens album due
ham,nite nite pocay wocay luv u n e thing promise ring u
ham,east coast
ham,get chicken broth want ramen unless theres dont know
ham,slave want take pictures today bright light cell phone bright light
ham,nope forgot show next week
ham,really hows masters
ham,im bruce amp fowler im moms car cant park long story
ham,dont know oh hopefully month
ham,hi elaine todays meeting confirmed
ham,ok ksry knw sivatats askd
ham,sorry ill call later
ham,u horrible gal u knew dat going wif yest n u still come n ask
ham,otherwise part time job natuition
ham,oh yeah diet flew window
ham,santa calling would little ones like call santa xmas eve call book time
ham,didnt complete gist oh
ham,er yeah b sorry tell pubcafe sit come wen u
ham,make time tonight whenever cool text whenever youre around
ham,wasnt paying attention
ham,thanx lot ur help
ham,youre gon na way specific
ham,jesus armand really trying tell everybody find
ham,im wif buying tix lar
ham,mode men left
ham,slow using biolas fne
ham,youdoing later sar xxx
ham,hey ive booked lessons sun liao
ham,thank generally date brothas
ham,way make sure u get train worc foregate street shrub hill fun night x
ham,thought id get watch cos thats kind thing u loves much
spam,guaranteed award maybe even cash claim ur award call free legitimat efreefone number wat u think
ham,good morning repair shopthe reason im hour
ham,thats fine got enough bud last night least
ham,back good journey let know need receipts shall tell like pendent
ham,takes away money worries
ham,aight pick open tonight
ham,latest news police station toilet stolen cops nothing go
ham,sac needs carry
ham,sing hu think also important find someone female know place well preferably citizen also smart help navigate even things like choosing phone plan require guidance doubt ask especially girls
ham,hello wats talks email address
ham,except theres chick huge boobs
ham,im wondering right
ham,wishing beautiful day moment revealing even things keep smiling enjoy
ham,sparkling shopping breaks per person call visit wwwshortbreaksorguk
ham,arun u transfr amt
ham,sorry ill call later
ham,hear loud scream ltgt minutes cause gyno shoving things dont belong
spam,december mobile entitled update latest colour camera mobile free call mobile update co free
ham,ok thk got u wan come wat
spam,txt call claim reward hours talk time use phone inc stoptxtstop wwwgambtv
ham,u goin
ham,treasure every moment spend together
ham,shall bring us bottle wine keep us amused joking iûll bring one anyway
spam,httptms widelivecomindex c ringtoneåá
spam,get garden ready summer free selection summer bulbs seeds worth scotsman saturday stop notxtcouk
spam,urgent last weekends draw shows cash spanish holiday call claim tc rstm
ham,ok lor
ham,thought slide enough
ham,yup
ham,well obviously people cool college life went home
ham,ok lor reaching message
ham,wheres mummys boy good bad positive negative mummy made wait hmmmm
spam,dhoni luck win big titleso win
ham,yes princess want please every night wish command
ham,todaysundaysunday holidayso work
ham,probably ltgt
ham,really hope work doesnt get stressful day
ham,seen whos back holby
ham,shall call dear food
spam,urgent trying contact last weekends draw shows u prize guaranteed call claim code valid pm
ham,li hai bored da lecturer repeating last weeks stuff waste time
ham,picking various points going yeovil motor project hours u take home max easy
ham,also fuck family going rhode island wherever fuck leaving alone week new bong gt
ham,ofcourse also upload songs
spam,per min call germany bt line per min check planettalkinstantcom info ts cs text stop opt
ham,k sent
ham,oh thanks loti already bought eggs
ham,k sent
ham,u studying sch going home anyway ill b going sch later
spam,marvel mobile play official ultimate spiderman game ur mobile right text spider game send u free wallpaper
ham,think rule tamilnaduthen tough people
ham,cool shall go see go tip anyway home got something drop later lets go town tonight maybe mum take us
ham,good afternoon love goes day sleep hope well boytoy think
ham,yes trust u buy new stuff asap try
spam,sms services inclusive text credits pls goto wwwcomuknet login unsubscribe stop extra charge help
ham,wake gt
ham,get step outta way congrats
ham,love one law make happy person love way friendship one law never make ur friend feel alone alive gud night
spam,private account statement shows unredeemed points call identifier code expires
ham,apo mokka players
ham,perhaps much easy give account identification tomorrow uni
ham,wait msg ltgt min
ham,told tell stupid hear wont tell anything dad called brother spoken
ham,gods love limit gods grace measure gods power boundaries may u gods endless blessings always ur life gud
ham,want inside every night
ham,machan go gym tomorrow wil come late goodnight
ham,lol mad first woke gave
ham,went project centre
ham,itûs reassuring crazy world
ham,making dinner
ham,yes please leave ltgt ltgt leave
ham,oh okie lorwe go sat
ham,great role model giving much really wish day miracle god reason everything must say wish knew dont ive looked since young still great day
ham,ya im referin meis ex wat ah waitin u treat somebody shld b rich liaoso gd den u dun work frm tmr onwards
ham,miles smiles r made frm letters u know difference smile ur face keeps happy even though miles away u keep smiling good nyt
ham,way ive put skip right outside front house see house pull
ham,pls send company name saibaba colany
ham,dont want hear anything
ham,big chic common declare
ham,thats cool want please
ham,going join tomorrow
spam,awarded sipix digital camera call landline delivery within cs warranty p
ham,want tell bad feel basically times text lately need drugs
spam,private account statement shows unredeemed sim points call identifier code expires
ham,total disappointment texted craziest shit got
ham,effect irritation ignore
ham,one
ham,think tantrums finished yeah ill point
ham,compliments away system side
ham,happened adventuring
ham,hey chief give bell get need talk royal visit june
ham,ok another number
ham,know thinkin malaria relax children cant handle malaria would worse gastroenteritis takes enough replace loss temp reduce give malaria meds vomit self limiting illness means days completely stop
ham,aiyah ok wat long got improve already wat
spam,want explicit sex secs ring costs gsex pobox
ham,cant believe attached seeing every day know best get babe go teach class midnight
ham,sleepingand surfing
ham,asked chatlines inclu free mins india cust servs sed yes got mega bill dont giv shit bailiff due days want
ham,yeah jus rite
ham,armand says get ass epsilon
ham,u still havent got urself jacket ah
ham,im taking derek amp taylor walmart im back time youre done leave mouse desk ill text priscillas ready
ham,hi durban still number
ham,ic lotta childporn cars
spam,contract mobile mnths latest motorola nokia etc free double mins text orange tariffs text yes callback remove records
ham,trying weekend v
ham,know wot people wear shirts jumpers hat belt know r cribbs
ham,cool time think get
ham,wen get spiritual deep thats great
ham,safe trip nigeria wish happiness soon company share moments
ham,hahahause brain dear
ham,well keep mind ive got enough gas one round trip barring sudden influx cash
ham,yeh indians nice tho kane bit shud go drink sometime soon mite hav go da works laugh soon love pete x x
ham,yes thats u texted pshewmissing much
ham,meant calculation ltgt units ltgt school really expensive started practicing accent important decided dental school youll nmde exam
ham,sorry ill call later
ham,arent next ltgt hours imma flip shit
ham,anything lor juz us lor
ham,get dump heap mom decided come lowes boring
ham,ok lor sony ericsson salesman ask shuhui say quite gd use considering
ham,ard like dat lor
ham,dont wait til least wednesday see get
ham,huh lei
spam,reminder get pounds free call credit details great offers pls reply text valid name house postcode
spam,time tried contact u u pound prize claim easy call per minute btnationalrate
ham,b going esplanade fr home
ham,pity mood soany suggestions
ham,guy bitching acted like id interested buying something else next week gave us free
ham,rofl true name
